"ID";"nome";"da";"a";"dim.massima";"riallocazioni";"prima linea";"ultima linea"
"1";"'tmp_i'";"/home/marco/Documenti/hmm_linux/read_table.c # 109";"/home/marco/Documenti/hmm_linux/read_table.c # 114";"0";"0";" # 0";" # 0"
"2";"'tmp_i'";"/home/marco/Documenti/hmm_linux/read_table.c # 114";"/home/marco/Documenti/hmm_linux/read_table.c # 118";"2";"0";"/home/marco/Documenti/hmm_linux/read_table.c # 114";"/home/marco/Documenti/hmm_linux/read_table.c # 118"
"2";"'tmp_i'";"/home/marco/Documenti/hmm_linux/read_table.c # 118";"/home/marco/Documenti/hmm_linux/read_table.c # 118";"6";"0";"/home/marco/Documenti/hmm_linux/read_table.c # 118";"/home/marco/Documenti/hmm_linux/read_table.c # 118"
"2";"'tmp_i'";"/home/marco/Documenti/hmm_linux/read_table.c # 118";"/home/marco/Documenti/hmm_linux/read_table.c # 114";"14";"0";"/home/marco/Documenti/hmm_linux/read_table.c # 118";"/home/marco/Documenti/hmm_linux/read_table.c # 114"
"2";"'tmp_i'";"/home/marco/Documenti/hmm_linux/read_table.c # 114";"/home/marco/Documenti/hmm_linux/read_table.c # 118";"30";"0";"/home/marco/Documenti/hmm_linux/read_table.c # 114";"/home/marco/Documenti/hmm_linux/read_table.c # 118"
"2";"'tmp_i'";"/home/marco/Documenti/hmm_linux/read_table.c # 118";"/home/marco/Documenti/hmm_linux/read_table.c # 133";"62";"0";"/home/marco/Documenti/hmm_linux/read_table.c # 118";"/home/marco/Documenti/hmm_linux/read_table.c # 129"
"10";"'g_visitati'";"/home/marco/Documenti/hmm_linux/pathlength.c # 69";"/home/marco/Documenti/hmm_linux/pathlength.c # 69";"1";"0";"/home/marco/Documenti/hmm_linux/pathlength.c # 69";"/home/marco/Documenti/netsim_linux/r2clib/r_aux_i.c # 4982"
"10";"'g_new_neighbours'";"/home/marco/Documenti/hmm_linux/pathlength.c # 73";"/home/marco/Documenti/hmm_linux/pathlength.c # 80";"0";"0";" # 0";" # 0"
"11";"'g_new_neighbours'";"/home/marco/Documenti/hmm_linux/pathlength.c # 80";"/home/marco/Documenti/hmm_linux/pathlength.c # 80";"0";"0";" # 0";" # 0"
"11";"'ris'";"/home/marco/Documenti/netsim_linux/r2clib/r_aux_i.c # 3011";"/home/marco/Documenti/hmm_linux/pathlength.c # 84";"0";"0";" # 0";" # 0"
"11";"'g_new_neighbours'";"/home/marco/Documenti/hmm_linux/pathlength.c # 84";"/home/marco/Documenti/hmm_linux/pathlength.c # 84";"0";"0";" # 0";" # 0"
"18";"'g_visitati'";"/home/marco/Documenti/hmm_linux/pathlength.c # 69";"/home/marco/Documenti/hmm_linux/pathlength.c # 69";"2";"0";"/home/marco/Documenti/hmm_linux/pathlength.c # 69";"/home/marco/Documenti/netsim_linux/r2clib/r_aux_i.c # 4982"
"11";"'ris'";"/home/marco/Documenti/netsim_linux/r2clib/r_aux_i.c # 3011";"/home/marco/Documenti/hmm_linux/pathlength.c # 80";"0";"0";" # 0";" # 0"
"18";"'g_new_neighbours'";"/home/marco/Documenti/hmm_linux/pathlength.c # 80";"/home/marco/Documenti/hmm_linux/pathlength.c # 80";"0";"0";" # 0";" # 0"
"18";"'ris'";"/home/marco/Documenti/netsim_linux/r2clib/r_aux_i.c # 3011";"/home/marco/Documenti/hmm_linux/pathlength.c # 80";"0";"0";" # 0";" # 0"
"18";"'g_new_neighbours'";"/home/marco/Documenti/hmm_linux/pathlength.c # 80";"/home/marco/Documenti/hmm_linux/pathlength.c # 80";"2";"0";"/home/marco/Documenti/hmm_linux/pathlength.c # 80";"/home/marco/Documenti/netsim_linux/r2clib/r_aux_i.c # 4982"
"18";"'ris'";"/home/marco/Documenti/netsim_linux/r2clib/r_aux_i.c # 3011";"/home/marco/Documenti/hmm_linux/pathlength.c # 84";"2";"0";"/home/marco/Documenti/netsim_linux/r2clib/r_aux_i.c # 4982";"/home/marco/Documenti/hmm_linux/pathlength.c # 84"
"18";"'g_new_neighbours'";"/home/marco/Documenti/hmm_linux/pathlength.c # 84";"/home/marco/Documenti/hmm_linux/pathlength.c # 84";"4";"0";"/home/marco/Documenti/hmm_linux/pathlength.c # 84";"/home/marco/Documenti/netsim_linux/r2clib/r_aux_i.c # 4982"
"20";"'g_visitati'";"/home/marco/Documenti/hmm_linux/pathlength.c # 69";"/home/marco/Documenti/hmm_linux/pathlength.c # 69";"1";"0";"/home/marco/Documenti/hmm_linux/pathlength.c # 69";"/home/marco/Documenti/netsim_linux/r2clib/r_aux_i.c # 4982"
"18";"'ris'";"/home/marco/Documenti/netsim_linux/r2clib/r_aux_i.c # 3011";"/home/marco/Documenti/hmm_linux/pathlength.c # 80";"4";"0";"/home/marco/Documenti/netsim_linux/r2clib/r_aux_i.c # 4982";"/home/marco/Documenti/netsim_linux/r2clib/r_aux_i.c # 2056"
"20";"'g_new_neighbours'";"/home/marco/Documenti/hmm_linux/pathlength.c # 80";"/home/marco/Documenti/hmm_linux/pathlength.c # 80";"1";"0";"/home/marco/Documenti/hmm_linux/pathlength.c # 80";"/home/marco/Documenti/netsim_linux/r2clib/r_aux_i.c # 4982"
"20";"'ris'";"/home/marco/Documenti/netsim_linux/r2clib/r_aux_i.c # 3011";"/home/marco/Documenti/hmm_linux/pathlength.c # 84";"1";"0";"/home/marco/Documenti/netsim_linux/r2clib/r_aux_i.c # 4982";"/home/marco/Documenti/hmm_linux/pathlength.c # 84"
"20";"'g_new_neighbours'";"/home/marco/Documenti/hmm_linux/pathlength.c # 84";"/home/marco/Documenti/hmm_linux/pathlength.c # 84";"2";"0";"/home/marco/Documenti/hmm_linux/pathlength.c # 84";"/home/marco/Documenti/netsim_linux/r2clib/r_aux_i.c # 4982"
"20";"'g_visitati'";"/home/marco/Documenti/hmm_linux/pathlength.c # 69";"/home/marco/Documenti/hmm_linux/pathlength.c # 69";"1";"0";"/home/marco/Documenti/hmm_linux/pathlength.c # 69";"/home/marco/Documenti/netsim_linux/r2clib/r_aux_i.c # 4982"
"20";"'ris'";"/home/marco/Documenti/netsim_linux/r2clib/r_aux_i.c # 3011";"/home/marco/Documenti/hmm_linux/pathlength.c # 80";"2";"0";"/home/marco/Documenti/netsim_linux/r2clib/r_aux_i.c # 4982";"/home/marco/Documenti/netsim_linux/r2clib/r_aux_i.c # 2056"
"20";"'g_new_neighbours'";"/home/marco/Documenti/hmm_linux/pathlength.c # 80";"/home/marco/Documenti/hmm_linux/pathlength.c # 80";"1";"0";"/home/marco/Documenti/hmm_linux/pathlength.c # 80";"/home/marco/Documenti/netsim_linux/r2clib/r_aux_i.c # 4982"
"20";"'ris'";"/home/marco/Documenti/netsim_linux/r2clib/r_aux_i.c # 3011";"/home/marco/Documenti/hmm_linux/pathlength.c # 84";"1";"0";"/home/marco/Documenti/netsim_linux/r2clib/r_aux_i.c # 4982";"/home/marco/Documenti/hmm_linux/pathlength.c # 84"
"20";"'g_new_neighbours'";"/home/marco/Documenti/hmm_linux/pathlength.c # 84";"/home/marco/Documenti/hmm_linux/pathlength.c # 84";"2";"0";"/home/marco/Documenti/hmm_linux/pathlength.c # 84";"/home/marco/Documenti/netsim_linux/r2clib/r_aux_i.c # 4982"
"23";"'g_visitati'";"/home/marco/Documenti/hmm_linux/pathlength.c # 69";"/home/marco/Documenti/hmm_linux/pathlength.c # 69";"1";"0";"/home/marco/Documenti/hmm_linux/pathlength.c # 69";"/home/marco/Documenti/netsim_linux/r2clib/r_aux_i.c # 4982"
"20";"'ris'";"/home/marco/Documenti/netsim_linux/r2clib/r_aux_i.c # 3011";"/home/marco/Documenti/hmm_linux/pathlength.c # 80";"2";"0";"/home/marco/Documenti/netsim_linux/r2clib/r_aux_i.c # 4982";"/home/marco/Documenti/netsim_linux/r2clib/r_aux_i.c # 2056"
"23";"'g_new_neighbours'";"/home/marco/Documenti/hmm_linux/pathlength.c # 80";"/home/marco/Documenti/hmm_linux/pathlength.c # 80";"1";"0";"/home/marco/Documenti/hmm_linux/pathlength.c # 80";"/home/marco/Documenti/netsim_linux/r2clib/r_aux_i.c # 4982"
"23";"'ris'";"/home/marco/Documenti/netsim_linux/r2clib/r_aux_i.c # 3011";"/home/marco/Documenti/hmm_linux/pathlength.c # 84";"1";"0";"/home/marco/Documenti/netsim_linux/r2clib/r_aux_i.c # 4982";"/home/marco/Documenti/hmm_linux/pathlength.c # 84"
"23";"'g_new_neighbours'";"/home/marco/Documenti/hmm_linux/pathlength.c # 84";"/home/marco/Documenti/hmm_linux/pathlength.c # 84";"2";"0";"/home/marco/Documenti/hmm_linux/pathlength.c # 84";"/home/marco/Documenti/netsim_linux/r2clib/r_aux_i.c # 4982"
"23";"'g_visitati'";"/home/marco/Documenti/hmm_linux/pathlength.c # 69";"/home/marco/Documenti/hmm_linux/pathlength.c # 69";"2";"0";"/home/marco/Documenti/hmm_linux/pathlength.c # 69";"/home/marco/Documenti/netsim_linux/r2clib/r_aux_i.c # 4982"
"23";"'ris'";"/home/marco/Documenti/netsim_linux/r2clib/r_aux_i.c # 3011";"/home/marco/Documenti/hmm_linux/pathlength.c # 80";"2";"0";"/home/marco/Documenti/netsim_linux/r2clib/r_aux_i.c # 4982";"/home/marco/Documenti/hmm_linux/pathlength.c # 88"
"23";"'g_new_neighbours'";"/home/marco/Documenti/hmm_linux/pathlength.c # 80";"/home/marco/Documenti/hmm_linux/pathlength.c # 80";"1";"0";"/home/marco/Documenti/hmm_linux/pathlength.c # 80";"/home/marco/Documenti/netsim_linux/r2clib/r_aux_i.c # 4982"
"23";"'ris'";"/home/marco/Documenti/netsim_linux/r2clib/r_aux_i.c # 3011";"/home/marco/Documenti/hmm_linux/pathlength.c # 84";"1";"0";"/home/marco/Documenti/netsim_linux/r2clib/r_aux_i.c # 4982";"/home/marco/Documenti/hmm_linux/pathlength.c # 84"
"23";"'g_new_neighbours'";"/home/marco/Documenti/hmm_linux/pathlength.c # 84";"/home/marco/Documenti/hmm_linux/pathlength.c # 84";"2";"0";"/home/marco/Documenti/hmm_linux/pathlength.c # 84";"/home/marco/Documenti/netsim_linux/r2clib/r_aux_i.c # 4982"
"23";"'g_visitati'";"/home/marco/Documenti/hmm_linux/pathlength.c # 69";"/home/marco/Documenti/hmm_linux/pathlength.c # 69";"1";"0";"/home/marco/Documenti/hmm_linux/pathlength.c # 69";"/home/marco/Documenti/netsim_linux/r2clib/r_aux_i.c # 4982"
"23";"'ris'";"/home/marco/Documenti/netsim_linux/r2clib/r_aux_i.c # 3011";"/home/marco/Documenti/hmm_linux/pathlength.c # 80";"2";"0";"/home/marco/Documenti/netsim_linux/r2clib/r_aux_i.c # 4982";"/home/marco/Documenti/netsim_linux/r2clib/r_aux_i.c # 2056"
"23";"'g_new_neighbours'";"/home/marco/Documenti/hmm_linux/pathlength.c # 80";"/home/marco/Documenti/hmm_linux/pathlength.c # 80";"1";"0";"/home/marco/Documenti/hmm_linux/pathlength.c # 80";"/home/marco/Documenti/netsim_linux/r2clib/r_aux_i.c # 4982"
"23";"'ris'";"/home/marco/Documenti/netsim_linux/r2clib/r_aux_i.c # 3011";"/home/marco/Documenti/hmm_linux/pathlength.c # 84";"1";"0";"/home/marco/Documenti/netsim_linux/r2clib/r_aux_i.c # 4982";"/home/marco/Documenti/hmm_linux/pathlength.c # 84"
"23";"'g_new_neighbours'";"/home/marco/Documenti/hmm_linux/pathlength.c # 84";"/home/marco/Documenti/hmm_linux/pathlength.c # 84";"2";"0";"/home/marco/Documenti/hmm_linux/pathlength.c # 84";"/home/marco/Documenti/netsim_linux/r2clib/r_aux_i.c # 4982"
"23";"'g_visitati'";"/home/marco/Documenti/hmm_linux/pathlength.c # 69";"/home/marco/Documenti/hmm_linux/pathlength.c # 69";"2";"0";"/home/marco/Documenti/hmm_linux/pathlength.c # 69";"/home/marco/Documenti/netsim_linux/r2clib/r_aux_i.c # 4982"
"23";"'ris'";"/home/marco/Documenti/netsim_linux/r2clib/r_aux_i.c # 3011";"/home/marco/Documenti/hmm_linux/pathlength.c # 80";"2";"0";"/home/marco/Documenti/netsim_linux/r2clib/r_aux_i.c # 4982";"/home/marco/Documenti/hmm_linux/pathlength.c # 88"
"23";"'g_new_neighbours'";"/home/marco/Documenti/hmm_linux/pathlength.c # 80";"/home/marco/Documenti/hmm_linux/pathlength.c # 80";"1";"0";"/home/marco/Documenti/hmm_linux/pathlength.c # 80";"/home/marco/Documenti/netsim_linux/r2clib/r_aux_i.c # 4982"
"23";"'ris'";"/home/marco/Documenti/netsim_linux/r2clib/r_aux_i.c # 3011";"/home/marco/Documenti/hmm_linux/pathlength.c # 84";"1";"0";"/home/marco/Documenti/netsim_linux/r2clib/r_aux_i.c # 4982";"/home/marco/Documenti/hmm_linux/pathlength.c # 84"
"23";"'g_new_neighbours'";"/home/marco/Documenti/hmm_linux/pathlength.c # 84";"/home/marco/Documenti/hmm_linux/pathlength.c # 84";"2";"0";"/home/marco/Documenti/hmm_linux/pathlength.c # 84";"/home/marco/Documenti/netsim_linux/r2clib/r_aux_i.c # 4982"
"25";"'g_visitati'";"/home/marco/Documenti/hmm_linux/pathlength.c # 69";"/home/marco/Documenti/hmm_linux/pathlength.c # 69";"1";"0";"/home/marco/Documenti/hmm_linux/pathlength.c # 69";"/home/marco/Documenti/netsim_linux/r2clib/r_aux_i.c # 4982"
"23";"'ris'";"/home/marco/Documenti/netsim_linux/r2clib/r_aux_i.c # 3011";"/home/marco/Documenti/hmm_linux/pathlength.c # 80";"2";"0";"/home/marco/Documenti/netsim_linux/r2clib/r_aux_i.c # 4982";"/home/marco/Documenti/netsim_linux/r2clib/r_aux_i.c # 2056"
"25";"'g_new_neighbours'";"/home/marco/Documenti/hmm_linux/pathlength.c # 80";"/home/marco/Documenti/hmm_linux/pathlength.c # 80";"2";"0";"/home/marco/Documenti/hmm_linux/pathlength.c # 80";"/home/marco/Documenti/netsim_linux/r2clib/r_aux_i.c # 4982"
"25";"'ris'";"/home/marco/Documenti/netsim_linux/r2clib/r_aux_i.c # 3011";"/home/marco/Documenti/hmm_linux/pathlength.c # 84";"2";"0";"/home/marco/Documenti/netsim_linux/r2clib/r_aux_i.c # 4982";"/home/marco/Documenti/hmm_linux/pathlength.c # 84"
"25";"'g_new_neighbours'";"/home/marco/Documenti/hmm_linux/pathlength.c # 84";"/home/marco/Documenti/hmm_linux/pathlength.c # 84";"4";"0";"/home/marco/Documenti/hmm_linux/pathlength.c # 84";"/home/marco/Documenti/netsim_linux/r2clib/r_aux_i.c # 4982"
"25";"'g_visitati'";"/home/marco/Documenti/hmm_linux/pathlength.c # 69";"/home/marco/Documenti/hmm_linux/pathlength.c # 69";"2";"0";"/home/marco/Documenti/hmm_linux/pathlength.c # 69";"/home/marco/Documenti/netsim_linux/r2clib/r_aux_i.c # 4982"
"25";"'ris'";"/home/marco/Documenti/netsim_linux/r2clib/r_aux_i.c # 3011";"/home/marco/Documenti/hmm_linux/pathlength.c # 80";"4";"0";"/home/marco/Documenti/netsim_linux/r2clib/r_aux_i.c # 4982";"/home/marco/Documenti/hmm_linux/pathlength.c # 88"
"25";"'g_new_neighbours'";"/home/marco/Documenti/hmm_linux/pathlength.c # 80";"/home/marco/Documenti/hmm_linux/pathlength.c # 80";"1";"0";"/home/marco/Documenti/hmm_linux/pathlength.c # 80";"/home/marco/Documenti/netsim_linux/r2clib/r_aux_i.c # 4982"
"25";"'ris'";"/home/marco/Documenti/netsim_linux/r2clib/r_aux_i.c # 3011";"/home/marco/Documenti/hmm_linux/pathlength.c # 84";"1";"0";"/home/marco/Documenti/netsim_linux/r2clib/r_aux_i.c # 4982";"/home/marco/Documenti/hmm_linux/pathlength.c # 84"
"25";"'g_new_neighbours'";"/home/marco/Documenti/hmm_linux/pathlength.c # 84";"/home/marco/Documenti/hmm_linux/pathlength.c # 84";"2";"0";"/home/marco/Documenti/hmm_linux/pathlength.c # 84";"/home/marco/Documenti/netsim_linux/r2clib/r_aux_i.c # 4982"
"25";"'g_visitati'";"/home/marco/Documenti/hmm_linux/pathlength.c # 69";"/home/marco/Documenti/hmm_linux/pathlength.c # 69";"2";"0";"/home/marco/Documenti/hmm_linux/pathlength.c # 69";"/home/marco/Documenti/netsim_linux/r2clib/r_aux_i.c # 4982"
"25";"'ris'";"/home/marco/Documenti/netsim_linux/r2clib/r_aux_i.c # 3011";"/home/marco/Documenti/hmm_linux/pathlength.c # 80";"2";"0";"/home/marco/Documenti/netsim_linux/r2clib/r_aux_i.c # 4982";"/home/marco/Documenti/netsim_linux/r2clib/r_aux_i.c # 2056"
"25";"'g_new_neighbours'";"/home/marco/Documenti/hmm_linux/pathlength.c # 80";"/home/marco/Documenti/hmm_linux/pathlength.c # 80";"1";"0";"/home/marco/Documenti/hmm_linux/pathlength.c # 80";"/home/marco/Documenti/netsim_linux/r2clib/r_aux_i.c # 4982"
"25";"'ris'";"/home/marco/Documenti/netsim_linux/r2clib/r_aux_i.c # 3011";"/home/marco/Documenti/hmm_linux/pathlength.c # 80";"1";"0";"/home/marco/Documenti/netsim_linux/r2clib/r_aux_i.c # 4982";"/home/marco/Documenti/hmm_linux/pathlength.c # 80"
"25";"'g_new_neighbours'";"/home/marco/Documenti/hmm_linux/pathlength.c # 80";"/home/marco/Documenti/hmm_linux/pathlength.c # 80";"3";"0";"/home/marco/Documenti/hmm_linux/pathlength.c # 80";"/home/marco/Documenti/netsim_linux/r2clib/r_aux_i.c # 4982"
"25";"'ris'";"/home/marco/Documenti/netsim_linux/r2clib/r_aux_i.c # 3011";"/home/marco/Documenti/hmm_linux/pathlength.c # 84";"3";"0";"/home/marco/Documenti/netsim_linux/r2clib/r_aux_i.c # 4982";"/home/marco/Documenti/hmm_linux/pathlength.c # 84"
"25";"'g_new_neighbours'";"/home/marco/Documenti/hmm_linux/pathlength.c # 84";"/home/marco/Documenti/hmm_linux/pathlength.c # 84";"4";"0";"/home/marco/Documenti/hmm_linux/pathlength.c # 84";"/home/marco/Documenti/netsim_linux/r2clib/r_aux_i.c # 4982"
"27";"'g_visitati'";"/home/marco/Documenti/hmm_linux/pathlength.c # 69";"/home/marco/Documenti/hmm_linux/pathlength.c # 69";"1";"0";"/home/marco/Documenti/hmm_linux/pathlength.c # 69";"/home/marco/Documenti/netsim_linux/r2clib/r_aux_i.c # 4982"
"25";"'ris'";"/home/marco/Documenti/netsim_linux/r2clib/r_aux_i.c # 3011";"/home/marco/Documenti/hmm_linux/pathlength.c # 80";"4";"0";"/home/marco/Documenti/netsim_linux/r2clib/r_aux_i.c # 4982";"/home/marco/Documenti/netsim_linux/r2clib/r_aux_i.c # 2056"
"27";"'g_new_neighbours'";"/home/marco/Documenti/hmm_linux/pathlength.c # 80";"/home/marco/Documenti/hmm_linux/pathlength.c # 80";"1";"0";"/home/marco/Documenti/hmm_linux/pathlength.c # 80";"/home/marco/Documenti/netsim_linux/r2clib/r_aux_i.c # 4982"
"27";"'ris'";"/home/marco/Documenti/netsim_linux/r2clib/r_aux_i.c # 3011";"/home/marco/Documenti/hmm_linux/pathlength.c # 84";"1";"0";"/home/marco/Documenti/netsim_linux/r2clib/r_aux_i.c # 4982";"/home/marco/Documenti/hmm_linux/pathlength.c # 84"
"27";"'g_new_neighbours'";"/home/marco/Documenti/hmm_linux/pathlength.c # 84";"/home/marco/Documenti/hmm_linux/pathlength.c # 84";"2";"0";"/home/marco/Documenti/hmm_linux/pathlength.c # 84";"/home/marco/Documenti/netsim_linux/r2clib/r_aux_i.c # 4982"
"27";"'g_visitati'";"/home/marco/Documenti/hmm_linux/pathlength.c # 69";"/home/marco/Documenti/hmm_linux/pathlength.c # 69";"2";"0";"/home/marco/Documenti/hmm_linux/pathlength.c # 69";"/home/marco/Documenti/netsim_linux/r2clib/r_aux_i.c # 4982"
"27";"'ris'";"/home/marco/Documenti/netsim_linux/r2clib/r_aux_i.c # 3011";"/home/marco/Documenti/hmm_linux/pathlength.c # 80";"2";"0";"/home/marco/Documenti/netsim_linux/r2clib/r_aux_i.c # 4982";"/home/marco/Documenti/netsim_linux/r2clib/r_aux_i.c # 2056"
"27";"'g_new_neighbours'";"/home/marco/Documenti/hmm_linux/pathlength.c # 80";"/home/marco/Documenti/hmm_linux/pathlength.c # 80";"1";"0";"/home/marco/Documenti/hmm_linux/pathlength.c # 80";"/home/marco/Documenti/netsim_linux/r2clib/r_aux_i.c # 4982"
"27";"'ris'";"/home/marco/Documenti/netsim_linux/r2clib/r_aux_i.c # 3011";"/home/marco/Documenti/hmm_linux/pathlength.c # 80";"1";"0";"/home/marco/Documenti/netsim_linux/r2clib/r_aux_i.c # 4982";"/home/marco/Documenti/hmm_linux/pathlength.c # 80"
"27";"'g_new_neighbours'";"/home/marco/Documenti/hmm_linux/pathlength.c # 80";"/home/marco/Documenti/hmm_linux/pathlength.c # 80";"3";"0";"/home/marco/Documenti/hmm_linux/pathlength.c # 80";"/home/marco/Documenti/netsim_linux/r2clib/r_aux_i.c # 4982"
"27";"'ris'";"/home/marco/Documenti/netsim_linux/r2clib/r_aux_i.c # 3011";"/home/marco/Documenti/hmm_linux/pathlength.c # 84";"3";"0";"/home/marco/Documenti/netsim_linux/r2clib/r_aux_i.c # 4982";"/home/marco/Documenti/hmm_linux/pathlength.c # 84"
"27";"'g_new_neighbours'";"/home/marco/Documenti/hmm_linux/pathlength.c # 84";"/home/marco/Documenti/hmm_linux/pathlength.c # 84";"4";"0";"/home/marco/Documenti/hmm_linux/pathlength.c # 84";"/home/marco/Documenti/netsim_linux/r2clib/r_aux_i.c # 4982"
"29";"'g_visitati'";"/home/marco/Documenti/hmm_linux/pathlength.c # 69";"/home/marco/Documenti/hmm_linux/pathlength.c # 69";"2";"0";"/home/marco/Documenti/hmm_linux/pathlength.c # 69";"/home/marco/Documenti/netsim_linux/r2clib/r_aux_i.c # 4982"
"27";"'ris'";"/home/marco/Documenti/netsim_linux/r2clib/r_aux_i.c # 3011";"/home/marco/Documenti/hmm_linux/pathlength.c # 80";"4";"0";"/home/marco/Documenti/netsim_linux/r2clib/r_aux_i.c # 4982";"/home/marco/Documenti/netsim_linux/r2clib/r_aux_i.c # 2056"
"29";"'g_new_neighbours'";"/home/marco/Documenti/hmm_linux/pathlength.c # 80";"/home/marco/Documenti/hmm_linux/pathlength.c # 80";"2";"0";"/home/marco/Documenti/hmm_linux/pathlength.c # 80";"/home/marco/Documenti/netsim_linux/r2clib/r_aux_i.c # 4982"
"29";"'ris'";"/home/marco/Documenti/netsim_linux/r2clib/r_aux_i.c # 3011";"/home/marco/Documenti/hmm_linux/pathlength.c # 80";"2";"0";"/home/marco/Documenti/netsim_linux/r2clib/r_aux_i.c # 4982";"/home/marco/Documenti/hmm_linux/pathlength.c # 80"
"29";"'g_new_neighbours'";"/home/marco/Documenti/hmm_linux/pathlength.c # 80";"/home/marco/Documenti/hmm_linux/pathlength.c # 80";"4";"0";"/home/marco/Documenti/hmm_linux/pathlength.c # 80";"/home/marco/Documenti/netsim_linux/r2clib/r_aux_i.c # 4982"
"29";"'ris'";"/home/marco/Documenti/netsim_linux/r2clib/r_aux_i.c # 3011";"/home/marco/Documenti/hmm_linux/pathlength.c # 84";"4";"0";"/home/marco/Documenti/netsim_linux/r2clib/r_aux_i.c # 4982";"/home/marco/Documenti/hmm_linux/pathlength.c # 84"
"29";"'g_new_neighbours'";"/home/marco/Documenti/hmm_linux/pathlength.c # 84";"/home/marco/Documenti/hmm_linux/pathlength.c # 84";"4";"0";"/home/marco/Documenti/hmm_linux/pathlength.c # 84";"/home/marco/Documenti/netsim_linux/r2clib/r_aux_i.c # 4982"
"29";"'g_visitati'";"/home/marco/Documenti/hmm_linux/pathlength.c # 69";"/home/marco/Documenti/hmm_linux/pathlength.c # 69";"2";"0";"/home/marco/Documenti/hmm_linux/pathlength.c # 69";"/home/marco/Documenti/netsim_linux/r2clib/r_aux_i.c # 4982"
"29";"'ris'";"/home/marco/Documenti/netsim_linux/r2clib/r_aux_i.c # 3011";"/home/marco/Documenti/hmm_linux/pathlength.c # 80";"4";"0";"/home/marco/Documenti/netsim_linux/r2clib/r_aux_i.c # 4982";"/home/marco/Documenti/netsim_linux/r2clib/r_aux_i.c # 2056"
"29";"'g_new_neighbours'";"/home/marco/Documenti/hmm_linux/pathlength.c # 80";"/home/marco/Documenti/hmm_linux/pathlength.c # 80";"2";"0";"/home/marco/Documenti/hmm_linux/pathlength.c # 80";"/home/marco/Documenti/netsim_linux/r2clib/r_aux_i.c # 4982"
"29";"'ris'";"/home/marco/Documenti/netsim_linux/r2clib/r_aux_i.c # 3011";"/home/marco/Documenti/hmm_linux/pathlength.c # 80";"2";"0";"/home/marco/Documenti/netsim_linux/r2clib/r_aux_i.c # 4982";"/home/marco/Documenti/hmm_linux/pathlength.c # 80"
"29";"'g_new_neighbours'";"/home/marco/Documenti/hmm_linux/pathlength.c # 80";"/home/marco/Documenti/hmm_linux/pathlength.c # 80";"4";"0";"/home/marco/Documenti/hmm_linux/pathlength.c # 80";"/home/marco/Documenti/netsim_linux/r2clib/r_aux_i.c # 4982"
"29";"'ris'";"/home/marco/Documenti/netsim_linux/r2clib/r_aux_i.c # 3011";"/home/marco/Documenti/hmm_linux/pathlength.c # 84";"4";"0";"/home/marco/Documenti/netsim_linux/r2clib/r_aux_i.c # 4982";"/home/marco/Documenti/hmm_linux/pathlength.c # 84"
"29";"'g_new_neighbours'";"/home/marco/Documenti/hmm_linux/pathlength.c # 84";"/home/marco/Documenti/hmm_linux/pathlength.c # 84";"4";"0";"/home/marco/Documenti/hmm_linux/pathlength.c # 84";"/home/marco/Documenti/netsim_linux/r2clib/r_aux_i.c # 4982"
"1";"'codes'";"/home/marco/Documenti/hmm_linux/create_mod.c # 43";"/home/marco/Documenti/hmm_linux/create_mod.c # 99";"7";"0";"/home/marco/Documenti/hmm_linux/create_mod.c # 43";"/home/marco/Documenti/hmm_linux/create_mod.c # 74"
"2";"'tmp1_i'";"/home/marco/Documenti/hmm_linux/create_mod.c # 51";"/home/marco/Documenti/hmm_linux/create_mod.c # 100";"4";"0";"/home/marco/Documenti/hmm_linux/create_mod.c # 51";"/home/marco/Documenti/hmm_linux/create_mod.c # 54"
"3";"'tmp2_i'";"/home/marco/Documenti/hmm_linux/create_mod.c # 56";"/home/marco/Documenti/hmm_linux/create_mod.c # 101";"4";"0";"/home/marco/Documenti/hmm_linux/create_mod.c # 56";"/home/marco/Documenti/hmm_linux/create_mod.c # 56"
"16";"'elem_ris->hubs'";"/home/marco/Documenti/hmm_linux/create_mod.c # 79";"/home/marco/Documenti/hmm_linux/create_mod.c # 147";"1";"0";"/home/marco/Documenti/hmm_linux/create_mod.c # 79";"/home/marco/Documenti/hmm_linux/create_mod.c # 147"
"17";"'elem_ris->hubsio'";"/home/marco/Documenti/hmm_linux/create_mod.c # 85";"/home/marco/Documenti/hmm_linux/create_mod.c # 149";"2";"0";"/home/marco/Documenti/hmm_linux/create_mod.c # 85";"/home/marco/Documenti/hmm_linux/create_mod.c # 149"
"18";"'elem_ris->hubs'";"/home/marco/Documenti/hmm_linux/create_mod.c # 79";"/home/marco/Documenti/hmm_linux/create_mod.c # 147";"1";"0";"/home/marco/Documenti/hmm_linux/create_mod.c # 79";"/home/marco/Documenti/hmm_linux/create_mod.c # 147"
"19";"'elem_ris->hubsio'";"/home/marco/Documenti/hmm_linux/create_mod.c # 85";"/home/marco/Documenti/hmm_linux/create_mod.c # 149";"1";"0";"/home/marco/Documenti/hmm_linux/create_mod.c # 85";"/home/marco/Documenti/hmm_linux/create_mod.c # 149"
"21";"'elem_ris->hubs'";"/home/marco/Documenti/hmm_linux/create_mod.c # 79";"/home/marco/Documenti/hmm_linux/create_mod.c # 147";"1";"0";"/home/marco/Documenti/hmm_linux/create_mod.c # 79";"/home/marco/Documenti/hmm_linux/create_mod.c # 147"
"22";"'elem_ris->hubsio'";"/home/marco/Documenti/hmm_linux/create_mod.c # 85";"/home/marco/Documenti/hmm_linux/create_mod.c # 149";"1";"0";"/home/marco/Documenti/hmm_linux/create_mod.c # 85";"/home/marco/Documenti/hmm_linux/create_mod.c # 149"
"23";"'elem_ris->hubs'";"/home/marco/Documenti/hmm_linux/create_mod.c # 79";"/home/marco/Documenti/hmm_linux/create_mod.c # 147";"2";"0";"/home/marco/Documenti/hmm_linux/create_mod.c # 79";"/home/marco/Documenti/hmm_linux/create_mod.c # 147"
"24";"'elem_ris->hubsio'";"/home/marco/Documenti/hmm_linux/create_mod.c # 85";"/home/marco/Documenti/hmm_linux/create_mod.c # 149";"2";"0";"/home/marco/Documenti/hmm_linux/create_mod.c # 85";"/home/marco/Documenti/hmm_linux/create_mod.c # 149"
"25";"'elem_ris->hubs'";"/home/marco/Documenti/hmm_linux/create_mod.c # 79";"/home/marco/Documenti/hmm_linux/create_mod.c # 147";"1";"0";"/home/marco/Documenti/hmm_linux/create_mod.c # 79";"/home/marco/Documenti/hmm_linux/create_mod.c # 147"
"26";"'elem_ris->hubsio'";"/home/marco/Documenti/hmm_linux/create_mod.c # 85";"/home/marco/Documenti/hmm_linux/create_mod.c # 149";"1";"0";"/home/marco/Documenti/hmm_linux/create_mod.c # 85";"/home/marco/Documenti/hmm_linux/create_mod.c # 149"
"27";"'elem_ris->hubs'";"/home/marco/Documenti/hmm_linux/create_mod.c # 79";"/home/marco/Documenti/hmm_linux/create_mod.c # 147";"1";"0";"/home/marco/Documenti/hmm_linux/create_mod.c # 79";"/home/marco/Documenti/hmm_linux/create_mod.c # 147"
"28";"'elem_ris->hubsio'";"/home/marco/Documenti/hmm_linux/create_mod.c # 85";"/home/marco/Documenti/hmm_linux/create_mod.c # 149";"2";"0";"/home/marco/Documenti/hmm_linux/create_mod.c # 85";"/home/marco/Documenti/hmm_linux/create_mod.c # 149"
"29";"'elem_ris->hubs'";"/home/marco/Documenti/hmm_linux/create_mod.c # 79";"/home/marco/Documenti/hmm_linux/create_mod.c # 147";"2";"0";"/home/marco/Documenti/hmm_linux/create_mod.c # 79";"/home/marco/Documenti/hmm_linux/create_mod.c # 147"
"30";"'elem_ris->hubsio'";"/home/marco/Documenti/hmm_linux/create_mod.c # 85";"/home/marco/Documenti/hmm_linux/create_mod.c # 149";"2";"0";"/home/marco/Documenti/hmm_linux/create_mod.c # 85";"/home/marco/Documenti/hmm_linux/create_mod.c # 149"
"14";"'g_ind'";"/home/marco/Documenti/hmm_linux/cluster_coeff.c # 23";"/home/marco/Documenti/hmm_linux/globali.c # 305";"4";"0";"/home/marco/Documenti/hmm_linux/cluster_coeff.c # 23";"/home/marco/Documenti/hmm_linux/cluster_coeff.c # 25"
"15";"'g_neighbours'";"/home/marco/Documenti/hmm_linux/cluster_coeff.c # 38";"/home/marco/Documenti/hmm_linux/globali.c # 306";"4";"0";"/home/marco/Documenti/hmm_linux/cluster_coeff.c # 38";"/home/marco/Documenti/hmm_linux/cluster_coeff.c # 38"
"7";"'g_dist_tot'";"/home/marco/Documenti/hmm_linux/pathlength.c # 46";"/home/marco/Documenti/hmm_linux/globali.c # 322";"0";"0";" # 0";" # 0"
"29";"'ris'";"/home/marco/Documenti/netsim_linux/r2clib/r_aux_i.c # 3011";"/home/marco/Documenti/hmm_linux/globali.c # 323";"4";"0";"/home/marco/Documenti/netsim_linux/r2clib/r_aux_i.c # 4982";"/home/marco/Documenti/netsim_linux/r2clib/r_aux_i.c # 2056"
"8";"'g_visitati'";"/home/marco/Documenti/hmm_linux/pathlength.c # 54";"/home/marco/Documenti/hmm_linux/globali.c # 325";"2";"2";"/home/marco/Documenti/netsim_linux/r2clib/r_aux_i.c # 4982";"/home/marco/Documenti/hmm_linux/pathlength.c # 86"
"9";"'g_neighbours'";"/home/marco/Documenti/hmm_linux/pathlength.c # 58";"/home/marco/Documenti/hmm_linux/globali.c # 326";"4";"0";"/home/marco/Documenti/hmm_linux/pathlength.c # 58";"/home/marco/Documenti/hmm_linux/pathlength.c # 77"
"6";"'g_tmp1_i'";"/home/marco/Documenti/hmm_linux/pathlength.c # 40";"/home/marco/Documenti/hmm_linux/globali.c # 327";"4";"0";"/home/marco/Documenti/hmm_linux/pathlength.c # 40";"/home/marco/Documenti/hmm_linux/pathlength.c # 80"
"4";"'g_S'";"/home/marco/Documenti/hmm_linux/hubs.c # 32";"/home/marco/Documenti/hmm_linux/globali.c # 330";"2";"0";"/home/marco/Documenti/hmm_linux/hubs.c # 32";"/home/marco/Documenti/hmm_linux/hubs.c # 70"
"5";"'g_ind'";"/home/marco/Documenti/hmm_linux/hubs.c # 34";"/home/marco/Documenti/hmm_linux/globali.c # 332";"2";"0";"/home/marco/Documenti/hmm_linux/hubs.c # 34";"/home/marco/Documenti/hmm_linux/hubs.c # 72"
"20";"'g_ind2'";"/home/marco/Documenti/hmm_linux/hubs.c # 56";"/home/marco/Documenti/hmm_linux/globali.c # 333";"2";"0";"/home/marco/Documenti/hmm_linux/hubs.c # 56";"/home/marco/Documenti/hmm_linux/hubs.c # 57"
"12";"'g_tmp1_i'";"/home/marco/Documenti/hmm_linux/hubs.c # 67";"/home/marco/Documenti/hmm_linux/globali.c # 334";"2";"0";"/home/marco/Documenti/hmm_linux/hubs.c # 67";"/home/marco/Documenti/hmm_linux/hubs.c # 68"
"13";"'g_Hio'";"/home/marco/Documenti/hmm_linux/hubs.c # 72";"/home/marco/Documenti/hmm_linux/globali.c # 336";"2";"0";"/home/marco/Documenti/hmm_linux/hubs.c # 72";"/home/marco/Documenti/hmm_linux/create_mod.c # 85"
"11";"'g_H'";"/home/marco/Documenti/hmm_linux/hubs.c # 46";"/home/marco/Documenti/hmm_linux/globali.c # 337";"1";"1";"/home/marco/Documenti/hmm_linux/hubs.c # 46";"/home/marco/Documenti/hmm_linux/create_mod.c # 79"
--------------------------------------

"ID";"nome";"da";"a";"dim.massima";"riallocazioni";"prima linea";"ultima linea"
